City_ID,City,Country,Date,Lat,Lng,Max Temp,Humidity,Cloudiness,Wind Speed
0,Tuktoyaktuk,CA,2021-11-03 23:58:58,69.4541,-133.0374,17.6,93,20,10.36
1,Kirkenaer,NO,2021-11-03 23:58:58,60.4564,12.0582,42.28,95,100,2.59
2,Ushuaia,AR,2021-11-03 23:57:18,-54.8,-68.3,46.06,66,40,26.46
3,Chokurdakh,RU,2021-11-03 23:58:59,70.6333,147.9167,-9.92,98,95,7.56
4,Grand Gaube,MU,2021-11-03 23:58:59,-20.0064,57.6608,73.8,76,3,3.0
5,Jalu,LY,2021-11-03 23:58:59,29.0331,21.5482,75.07,26,0,8.39
6,Kapaa,US,2021-11-03 23:59:00,22.0752,-159.319,81.48,59,14,1.01
7,Belturbet,IE,2021-11-03 23:59:00,54.1,-7.45,43.63,81,56,8.77
8,Bosaso,SO,2021-11-03 23:59:01,11.2842,49.1816,76.33,46,35,4.18
9,Jamestown,US,2021-11-03 23:57:29,42.097,-79.2353,39.52,85,58,4.76
10,Punta Arenas,CL,2021-11-03 23:55:45,-53.15,-70.9167,48.31,57,0,23.02
11,Fort Saint James,CA,2021-11-03 23:59:01,54.4333,-124.25,40.05,93,92,1.63
12,Pevek,RU,2021-11-03 23:59:02,69.7008,170.3133,-14.06,98,22,7.56
13,East London,ZA,2021-11-03 23:56:34,-33.0153,27.9116,62.64,86,3,6.22
14,Vila Franca Do Campo,PT,2021-11-03 23:59:03,37.7167,-25.4333,68.2,88,100,11.36
15,Hilo,US,2021-11-03 23:56:17,19.7297,-155.09,81.25,82,3,3.0
16,Zhicheng,CN,2021-11-03 23:59:03,30.2956,111.5047,59.59,87,97,2.98
17,Mataura,NZ,2021-11-03 23:59:04,-46.1927,168.8643,64.47,34,33,1.72
18,Atuona,PF,2021-11-03 23:59:04,-9.8,-139.0333,78.31,70,39,15.17
19,Hasaki,JP,2021-11-03 23:59:04,35.7333,140.8333,57.6,51,57,6.67
20,Qaanaaq,GL,2021-11-03 23:59:05,77.484,-69.3632,4.59,59,0,7.72
21,Okhotsk,RU,2021-11-03 23:59:05,59.3833,143.3,19.33,82,46,10.63
22,Georgetown,MY,2021-11-03 23:56:46,5.4112,100.3354,77.9,92,20,0.0
23,Albany,US,2021-11-03 23:57:29,42.6001,-73.9662,40.23,76,40,8.99
24,New Norfolk,AU,2021-11-03 23:59:06,-42.7826,147.0587,66.76,63,6,1.99
25,Hof,DE,2021-11-03 23:59:06,50.3167,11.9167,44.64,92,75,2.3
26,Constitucion,CL,2021-11-03 23:59:06,-35.3333,-72.4167,52.27,71,83,10.89
27,Jodhpur,IN,2021-11-03 23:56:36,26.2867,73.03,68.27,35,1,7.78
28,Coihaique,CL,2021-11-03 23:57:09,-45.5752,-72.0662,44.55,76,75,8.05
29,Port Alfred,ZA,2021-11-03 23:59:07,-33.5906,26.891,62.15,89,0,2.21
30,Lebu,CL,2021-11-03 23:59:07,-37.6167,-73.65,49.95,81,13,7.81
31,Bouna,CI,2021-11-03 23:59:08,9.2667,-3.0,78.48,59,52,3.62
32,Gizo,SB,2021-11-03 23:59:08,-8.103,156.8419,83.95,69,81,4.14
33,Cape Town,ZA,2021-11-03 23:57:27,-33.9258,18.4232,61.21,81,75,12.66
34,Fengcheng,CN,2021-11-03 23:59:08,40.4536,124.0717,46.67,89,23,0.89
35,Katsuura,JP,2021-11-03 23:59:09,35.1333,140.3,65.19,58,88,9.28
36,Busselton,AU,2021-11-03 23:59:09,-33.65,115.3333,57.72,71,95,3.51
37,North Bend,US,2021-11-03 23:54:38,43.4065,-124.2243,65.91,94,90,0.0
38,Dwarka,IN,2021-11-03 23:59:09,22.2394,68.9678,78.37,53,79,9.62
39,Tiznit,MA,2021-11-03 23:59:10,29.5833,-9.5,61.12,93,96,6.96
40,Agadez,NE,2021-11-03 23:59:10,19.75,10.25,75.6,18,16,3.06
41,Saint-Francois,FR,2021-11-03 23:59:11,46.4154,3.9054,43.48,93,90,2.3
42,Tulun,RU,2021-11-03 23:59:11,54.5611,100.5792,5.94,66,99,13.11
43,Chabahar,IR,2021-11-03 23:59:11,25.2919,60.643,75.06,67,2,2.21
44,Pacific Grove,US,2021-11-03 23:59:12,36.6177,-121.9166,77.2,83,1,1.99
45,Ereymentau,KZ,2021-11-03 23:59:27,51.6199,73.1033,6.37,98,93,4.38
46,Kamien Pomorski,PL,2021-11-03 23:59:27,53.9685,14.7726,45.5,87,100,7.07
47,Victoria,HK,2021-11-03 23:58:04,22.2855,114.1577,77.38,82,97,1.99
48,Saint-Joseph,RE,2021-11-03 23:59:28,-21.3667,55.6167,68.38,77,4,8.59
49,Khatanga,RU,2021-11-03 23:59:28,71.9667,102.5,10.99,93,100,21.39
50,Grants,US,2021-11-03 23:59:28,35.1473,-107.8514,59.23,23,1,8.05
51,Dalaba,GN,2021-11-03 23:59:29,10.7,-12.25,63.21,87,86,3.22
52,Asau,RO,2021-11-03 23:59:29,46.4333,26.4,46.76,60,98,3.51
53,Koumac,NC,2021-11-03 23:59:30,-20.5667,164.2833,76.32,61,8,12.33
54,Ostrovnoy,RU,2021-11-03 23:59:30,68.0531,39.5131,37.56,88,97,22.77
55,Havelock,US,2021-11-03 23:58:04,34.8791,-76.9013,54.99,76,94,3.0
56,Port Elizabeth,ZA,2021-11-03 23:59:30,-33.918,25.5701,55.69,82,0,0.0
57,Cabo San Lucas,MX,2021-11-03 23:55:00,22.8909,-109.9124,86.61,56,0,3.0
58,Kavieng,PG,2021-11-03 23:59:31,-2.5744,150.7967,82.44,79,100,13.4
59,Yar-Sale,RU,2021-11-03 23:59:31,66.8333,70.8333,24.94,89,100,11.99
60,Goderich,CA,2021-11-03 23:59:31,43.7501,-81.7165,40.91,93,99,1.14
61,Labuhan,ID,2021-11-03 23:59:32,-6.8844,112.2051,82.8,74,98,4.29
62,Tiksi,RU,2021-11-03 23:59:32,71.6872,128.8694,-11.25,98,86,7.78
63,Hobart,AU,2021-11-03 23:55:27,-42.8794,147.3294,66.11,68,20,1.99
64,Tasiilaq,GL,2021-11-03 23:59:32,65.6145,-37.6368,20.75,63,22,9.26
65,Asyut,EG,2021-11-03 23:59:33,27.181,31.1837,69.98,46,0,5.12
66,Riyadh,SA,2021-11-03 23:58:40,24.6877,46.7219,69.94,24,0,3.24
67,Sangar,RU,2021-11-03 23:59:33,63.9242,127.4739,16.83,93,100,10.29
68,Nome,US,2021-11-03 23:59:33,64.5011,-165.4064,21.16,86,81,3.44
69,Dinar,TR,2021-11-03 23:59:34,38.065,30.1656,46.36,71,14,1.54
70,Vaini,TO,2021-11-03 23:59:34,-21.2,-175.2,80.76,94,75,10.36
71,Puerto Ayora,EC,2021-11-03 23:59:34,-0.7393,-90.3518,70.29,80,77,10.4
72,Vanimo,PG,2021-11-03 23:59:35,-2.6741,141.3028,82.9,80,97,5.91
73,Aksu,CN,2021-11-03 23:59:35,41.1231,80.2644,43.07,35,100,2.53
74,Shaowu,CN,2021-11-03 23:59:35,27.3409,117.4831,64.17,99,100,2.48
75,Pishin,PK,2021-11-03 23:59:36,30.5803,66.9961,49.1,19,75,1.36
76,Avarua,CK,2021-11-03 23:59:36,-21.2078,-159.775,78.85,69,20,13.8
77,Arraial Do Cabo,BR,2021-11-03 23:59:06,-22.9661,-42.0278,71.26,91,69,7.49
78,Chekmagush,RU,2021-11-03 23:59:37,55.1319,54.6556,24.87,37,20,10.36
79,Lompoc,US,2021-11-03 23:59:37,34.6391,-120.4579,80.13,76,3,14.0
80,Price,US,2021-11-03 23:59:37,39.5994,-110.8107,56.12,39,34,2.62
81,Yellowknife,CA,2021-11-03 23:59:38,62.456,-114.3525,39.42,99,20,12.66
82,Nemuro,JP,2021-11-03 23:59:38,43.3236,145.575,48.63,86,100,21.34
83,Saint-Augustin,CA,2021-11-03 23:59:38,51.226,-58.6502,37.74,66,8,8.52
84,Banjar,ID,2021-11-03 23:59:39,-8.19,114.9675,82.26,77,97,3.69
85,Zaykovo,RU,2021-11-03 23:59:39,57.5613,62.7568,24.75,66,20,9.31
86,Requena,ES,2021-11-03 23:59:39,39.4883,-1.1004,47.52,69,0,7.02
87,Toucheng,TW,2021-11-03 23:59:40,24.8592,121.8233,75.88,90,100,5.82
88,Hithadhoo,MV,2021-11-03 23:59:40,-0.6,73.0833,82.15,76,91,15.5
89,Carnarvon,AU,2021-11-03 23:59:40,-24.8667,113.6333,68.07,73,0,18.41
90,Nelson Bay,AU,2021-11-03 23:59:40,-32.7167,152.15,75.76,62,100,3.0
91,Kinshasa,CD,2021-11-03 23:59:56,-4.3246,15.3215,77.32,88,20,3.44
92,Kwinana,AU,2021-11-03 23:59:56,-32.25,115.7667,65.8,73,100,9.15
93,Prainha,BR,2021-11-03 23:59:56,-1.8,-53.48,81.07,66,73,4.43
94,Butaritari,KI,2021-11-03 23:59:57,3.0707,172.7902,83.1,72,91,14.76
95,Hami,CN,2021-11-03 23:59:57,42.8,93.45,43.12,37,26,6.91
96,Beringovskiy,RU,2021-11-03 23:59:57,63.05,179.3167,2.68,81,4,8.52
97,Kenai,US,2021-11-03 23:59:58,60.5544,-151.2583,44.02,94,40,5.75
98,Touros,BR,2021-11-03 23:59:58,-5.1989,-35.4608,81.5,80,16,12.62
99,Dhone,IN,2021-11-03 23:59:58,15.4167,77.8833,70.93,95,72,4.47
100,Barrow,US,2021-11-03 23:59:59,71.2906,-156.7887,23.81,88,100,14.05
101,Petropavlovsk-Kamchatskiy,RU,2021-11-03 23:59:59,53.0452,158.6483,30.79,64,0,6.71
102,Mar Del Plata,AR,2021-11-03 23:57:57,-38.0023,-57.5575,65.08,99,75,1.99
103,Crixas,BR,2021-11-04 00:00:00,-14.5489,-49.9692,73.71,85,99,3.27
104,Guerrero Negro,MX,2021-11-04 00:00:00,27.9769,-114.0611,68.49,75,1,14.97
105,Yerbogachen,RU,2021-11-04 00:00:01,61.2767,108.0108,-6.47,98,45,4.52
106,Kruisfontein,ZA,2021-11-04 00:00:02,-34.0033,24.7314,50.88,74,0,4.29
107,Alenquer,BR,2021-11-04 00:00:02,-1.9417,-54.7383,80.98,67,53,3.71
108,Saldanha,ZA,2021-11-03 23:55:17,-33.0117,17.9442,55.45,81,47,6.44
109,Kukuna,SL,2021-11-04 00:00:05,9.4,-12.6667,74.71,94,38,3.67
110,Bambous Virieux,MU,2021-11-04 00:00:06,-20.3428,57.7575,73.22,79,24,9.4
111,College,US,2021-11-04 00:00:07,64.8569,-147.8028,33.21,90,75,0.0
112,Bengkulu,ID,2021-11-04 00:00:09,-3.8004,102.2655,76.05,88,99,3.44
113,Kampot,KH,2021-11-04 00:00:09,10.6167,104.1833,80.65,87,100,3.65
114,Ponta Do Sol,PT,2021-11-04 00:00:11,32.6667,-17.1,71.71,80,100,6.96
115,Los Llanos De Aridane,ES,2021-11-04 00:00:13,28.6585,-17.9182,65.95,75,0,5.99
116,Sambava,MG,2021-11-04 00:00:13,-14.2667,50.1667,72.61,90,15,5.23
117,Manakara,MG,2021-11-04 00:00:14,-22.1333,48.0167,72.09,96,6,3.51
118,Bredasdorp,ZA,2021-11-04 00:00:15,-34.5322,20.0403,57.13,78,10,4.94
119,Keflavik,IS,2021-11-04 00:00:16,64.0049,-22.5624,43.23,87,90,16.11
120,Manvi,IN,2021-11-04 00:00:17,15.9833,77.05,71.01,93,93,5.44
121,Fairbanks,US,2021-11-04 00:00:06,64.8378,-147.7164,33.22,90,90,0.0
122,Valparaiso,CL,2021-11-03 23:58:26,-33.0393,-71.6273,64.04,63,0,9.22
123,Samarai,PG,2021-11-04 00:00:18,-10.6167,150.6667,82.31,69,90,11.56
124,Cherskiy,RU,2021-11-04 00:00:18,68.75,161.3,-10.44,94,91,7.0
125,Raudeberg,NO,2021-11-04 00:00:19,61.9875,5.1352,42.19,70,7,4.72
126,Caravelas,BR,2021-11-04 00:00:20,-17.7125,-39.2481,73.36,92,61,5.91
127,Taltal,CL,2021-11-04 00:00:21,-25.4,-70.4833,61.77,76,23,4.25
128,Saint George,US,2021-11-04 00:00:21,37.1041,-113.5841,75.67,29,1,0.0
129,Gwembe,ZM,2021-11-04 00:00:22,-16.4975,27.6069,72.45,47,71,4.97
130,Menongue,AO,2021-11-04 00:00:23,-14.6585,17.691,68.56,60,51,4.68
131,Novyy Urengoy,RU,2021-11-04 00:00:23,66.0833,76.6333,21.65,94,100,14.0
132,Nacozari,MX,2021-11-04 00:00:24,25.3366,-108.2574,90.1,46,0,11.99
133,Nikolskoye,RU,2021-11-04 00:00:25,59.7035,30.7861,44.49,91,100,7.94
134,Tautira,PF,2021-11-04 00:00:26,-17.7333,-149.15,82.42,80,34,14.54
135,Lokosovo,RU,2021-11-04 00:00:26,61.1333,74.8167,17.06,84,100,12.15
136,Bougouni,ML,2021-11-04 00:00:27,11.417,-7.479,78.93,57,57,2.66
137,Port Macquarie,AU,2021-11-04 00:00:28,-31.4333,152.9167,75.88,62,96,11.56
138,Aswan,EG,2021-11-04 00:00:28,24.0934,32.907,76.69,34,0,10.4
139,Ust-Nera,RU,2021-11-04 00:00:45,64.5667,143.2,3.61,97,98,5.35
140,Leh,IN,2021-11-04 00:00:46,34.1667,77.5833,17.58,79,70,1.66
141,Maragogi,BR,2021-11-04 00:00:46,-9.0122,-35.2225,78.85,79,28,13.2
142,Ambatofinandrahana,MG,2021-11-04 00:00:47,-20.55,46.8,62.08,69,0,0.83
143,Srednekolymsk,RU,2021-11-04 00:00:47,67.45,153.6833,-8.37,91,49,5.61
144,Tura,IN,2021-11-04 00:00:48,25.5198,90.2201,61.92,90,36,3.24
145,Rikitea,PF,2021-11-04 00:00:48,-23.1203,-134.9692,73.83,75,100,14.63
146,Bluff,NZ,2021-11-04 00:00:49,-46.6,168.3333,65.8,58,37,3.0
147,Castro,BR,2021-11-04 00:00:49,-24.7911,-50.0119,65.77,75,73,2.06
148,Mana,GF,2021-11-04 00:00:49,5.6592,-53.7767,79.45,80,89,10.36
149,Buin,CL,2021-11-04 00:00:50,-33.7333,-70.75,64.74,71,100,5.59
150,Norman Wells,CA,2021-11-04 00:00:50,65.282,-126.8329,17.37,86,6,4.36
151,Upernavik,GL,2021-11-04 00:00:51,72.7868,-56.1549,25.34,87,100,3.44
152,Vestmannaeyjar,IS,2021-11-04 00:00:51,63.4427,-20.2734,45.07,84,77,20.11
153,Leningradskiy,RU,2021-11-04 00:00:52,69.3833,178.4167,-6.45,89,22,6.53
154,Saint Simons,US,2021-11-04 00:00:53,31.1352,-81.3901,68.02,89,1,10.36
155,Westport,US,2021-11-04 00:00:54,41.1415,-73.3579,48.74,72,21,1.99
156,San Nicolas,PH,2021-11-04 00:00:54,18.1725,120.5953,79.3,69,9,5.26
157,Hofn,IS,2021-11-04 00:00:55,64.2539,-15.2082,38.64,64,95,6.93
158,Lodja,CD,2021-11-04 00:00:55,-3.4833,23.4333,64.87,99,96,1.3
159,Severo-Kurilsk,RU,2021-11-04 00:00:55,50.6789,156.125,38.73,72,45,2.82
160,Pokosnoye,RU,2021-11-04 00:00:56,55.5258,101.0536,5.09,76,100,14.14
161,Tilichiki,RU,2021-11-04 00:00:56,60.4667,166.1,23.92,96,100,7.52
162,Grimshaw,CA,2021-11-03 23:56:34,56.1834,-117.6027,45.3,45,20,8.05
163,Mahenge,TZ,2021-11-04 00:00:57,-8.6833,36.7167,65.7,87,18,4.36
164,Saint Anthony,US,2021-11-04 00:00:57,45.0205,-93.218,42.71,59,40,0.0
165,Saint-Philippe,RE,2021-11-04 00:00:58,-21.3585,55.7679,69.39,81,9,8.19
166,Olginskaya,RU,2021-11-04 00:00:58,47.1879,39.9492,52.93,91,99,4.65
167,Fukue,JP,2021-11-04 00:00:59,32.6881,128.8419,65.75,56,2,15.75
168,Westlock,CA,2021-11-04 00:00:59,54.1502,-113.8688,45.34,51,94,4.27
169,Bilibino,RU,2021-11-04 00:00:59,68.0546,166.4372,-17.97,99,81,2.15
170,Amparafaravola,MG,2021-11-04 00:01:00,-17.5833,48.2167,68.94,86,78,1.61
171,Beyneu,KZ,2021-11-04 00:01:00,45.3167,55.2,39.15,39,61,22.53
172,Vanavara,RU,2021-11-04 00:01:01,60.34,102.2797,3.61,87,100,7.11
173,Chernoyerkovskaya,RU,2021-11-04 00:01:02,45.4331,37.7686,59.52,96,36,5.61
174,Kassala,SD,2021-11-04 00:01:03,15.451,36.4,79.56,57,6,9.64
175,West Fargo,US,2021-11-04 00:00:44,46.875,-96.9004,41.02,59,1,4.61
176,Clyde River,CA,2021-11-04 00:01:03,70.4692,-68.5914,21.06,86,97,32.97
177,Redlands,US,2021-11-03 23:58:52,34.0556,-117.1825,86.65,31,4,4.99
178,Bubaque,GW,2021-11-04 00:01:04,11.2833,-15.8333,81.9,77,10,8.14
179,Sitka,US,2021-11-04 00:01:05,57.0531,-135.33,45.16,74,95,2.06
180,Lorengau,PG,2021-11-04 00:01:06,-2.0226,147.2712,83.46,79,92,10.71
181,Geraldton,AU,2021-11-03 23:58:04,-28.7667,114.6,63.01,72,17,9.22
182,Matara,LK,2021-11-04 00:01:06,5.9485,80.5353,77.52,89,100,7.65
183,Porto Novo,BJ,2021-11-04 00:01:07,6.4965,2.6036,78.4,83,20,6.24
184,Sisimiut,GL,2021-11-04 00:01:22,66.9395,-53.6735,34.03,99,100,10.25
185,Chuy,UY,2021-11-04 00:01:23,-33.6971,-53.4616,65.08,97,100,12.24
186,Ilhabela,BR,2021-11-04 00:01:23,-23.7781,-45.3581,69.21,90,68,5.1
187,Moron,AR,2021-11-03 23:56:59,-34.6534,-58.6198,71.29,90,60,4.0
188,Shimoda,JP,2021-11-04 00:01:23,34.6667,138.95,62.1,69,58,8.3
189,Margate,GB,2021-11-04 00:01:24,51.3813,1.3862,46.69,92,99,27.34
190,Banda Aceh,ID,2021-11-04 00:01:24,5.5577,95.3222,79.11,78,98,2.13
191,Naze,JP,2021-11-04 00:01:25,28.3667,129.4833,67.57,58,19,12.46
192,Kodiak,US,2021-11-04 00:01:25,57.79,-152.4072,40.77,71,46,16.8
193,Anadyr,RU,2021-11-04 00:01:10,64.75,177.4833,-10.7,77,20,11.18
194,Warrnambool,AU,2021-11-04 00:01:26,-38.3833,142.4833,59.05,68,0,10.11
195,Longyearbyen,SJ,2021-11-04 00:01:01,78.2186,15.6401,21.04,79,90,19.57
196,Alugan,PH,2021-11-04 00:01:26,12.2188,125.4808,81.86,85,100,10.71
197,Kaeo,NZ,2021-11-04 00:01:26,-35.1,173.7833,63.32,72,88,6.53
198,Viraganur,IN,2021-11-04 00:01:27,11.4833,78.7333,72.16,90,94,3.67
199,Moba,CN,2021-11-04 00:01:27,33.2288,105.0179,40.12,95,72,3.87
200,Villa Carlos Paz,AR,2021-11-04 00:01:27,-31.4241,-64.4978,72.39,73,9,5.01
201,Kijang,KR,2021-11-04 00:01:28,35.2442,129.2139,58.33,48,3,3.76
202,Crotone,IT,2021-11-04 00:01:28,39.0851,17.1178,61.93,90,24,21.14
203,Shakawe,BW,2021-11-04 00:01:29,-18.3667,21.85,81.61,34,100,7.54
204,Torbay,CA,2021-11-04 00:00:45,47.6666,-52.7314,41.27,88,20,2.3
205,Kaitangata,NZ,2021-11-04 00:01:29,-46.2817,169.8464,61.93,40,36,6.51
206,Gat,IL,2021-11-04 00:01:30,31.61,34.7642,67.41,78,0,5.88
207,Sukumo,JP,2021-11-04 00:01:30,32.9333,132.7333,63.97,71,51,9.1
208,Ballina,AU,2021-11-04 00:01:30,-28.8667,153.5667,71.78,74,97,4.85
209,Ayagoz,KZ,2021-11-04 00:01:31,47.9714,80.4392,5.56,87,99,14.63
210,Kandy,LK,2021-11-04 00:01:31,7.2955,80.6356,69.37,94,99,2.21
211,Ribeira Brava,PT,2021-11-04 00:01:31,32.65,-17.0667,71.71,81,100,6.93
212,Cayenne,GF,2021-11-04 00:00:05,4.9333,-52.3333,82.09,81,20,5.01
213,Santa Cruz,BO,2021-11-04 00:00:04,-17.8,-63.1667,79.18,64,72,5.53
214,George,ZA,2021-11-04 00:01:32,-33.963,22.4617,58.5,62,0,4.63
215,Phan Thiet,VN,2021-11-03 23:59:54,10.9333,108.1,77.4,82,90,5.7
216,Lagoa,PT,2021-11-04 00:01:33,39.05,-27.9833,67.59,87,100,22.41
217,Maroantsetra,MG,2021-11-04 00:01:33,-15.4333,49.7333,73.65,88,62,0.92
218,Kirishi,RU,2021-11-04 00:01:33,59.4471,32.0205,43.77,88,100,8.37
219,Bon Accord,CA,2021-11-03 23:57:12,53.8335,-113.4187,47.62,56,1,3.44
220,Leshukonskoye,RU,2021-11-04 00:01:34,64.8989,45.7622,36.64,89,100,10.58
221,Faya,SA,2021-11-04 00:01:34,18.3851,42.4509,54.46,32,5,4.81
222,Rieti,IT,2021-11-04 00:01:34,42.4072,12.8592,60.28,98,98,9.89
223,Martapura,ID,2021-11-04 00:01:35,-3.4167,114.85,77.88,91,100,1.99
224,Camacha,PT,2021-11-04 00:01:35,33.0833,-16.3333,67.53,73,40,11.5
225,Dingle,PH,2021-11-04 00:01:35,10.9995,122.6711,80.47,86,95,7.76
226,Adrar,MR,2021-11-04 00:01:36,20.5022,-10.0711,76.12,17,3,8.43
227,Gobabis,NA,2021-11-04 00:01:36,-22.45,18.9667,70.93,11,7,10.4
228,Lavrentiya,RU,2021-11-04 00:01:37,65.5833,-171.0,25.88,78,100,13.33
229,Kholodnyy,RU,2021-11-04 00:01:37,62.7167,147.95,-6.36,98,78,2.08
230,Kununurra,AU,2021-11-04 00:01:37,-15.7667,128.7333,85.98,66,27,13.8
231,Khash,IR,2021-11-04 00:01:38,28.2211,61.2158,57.52,13,99,1.79
232,Qujing,CN,2021-11-04 00:01:53,25.4833,103.7833,53.73,92,26,7.61
233,Gamba,GA,2021-11-04 00:01:53,-2.65,10.0,75.38,92,67,4.29
234,Gatchina,RU,2021-11-04 00:01:54,59.5764,30.1283,46.15,92,100,9.26
235,Aykhal,RU,2021-11-04 00:01:54,66.0,111.5,-19.62,100,85,3.18
236,Nisia Floresta,BR,2021-11-04 00:01:55,-6.0911,-35.2086,77.86,81,8,9.55
237,Tawang,IN,2021-11-04 00:01:55,27.5833,91.8667,33.73,39,1,5.79
238,Airai,TL,2021-11-04 00:01:55,-8.9266,125.4092,72.36,57,73,4.45
239,Effium,NG,2021-11-04 00:01:56,6.6292,8.0593,76.91,82,90,6.31
240,Trelew,AR,2021-11-04 00:00:02,-43.249,-65.3051,67.87,22,61,18.86
241,Mahebourg,MU,2021-11-04 00:01:56,-20.4081,57.7,73.26,80,17,9.13
242,Saint-Georges,GD,2021-11-04 00:01:56,12.0564,-61.7485,79.59,77,97,14.27
243,Nyuksenitsa,RU,2021-11-04 00:01:57,60.4128,44.2397,39.4,87,100,9.55
244,Sorland,NO,2021-11-04 00:01:57,67.667,12.6934,47.46,88,67,11.92
245,Berlevag,NO,2021-11-04 00:01:57,70.8578,29.0864,41.74,90,100,18.88
246,Ribeira Grande,PT,2021-11-04 00:01:58,38.5167,-28.7,68.83,87,100,24.7
247,Hermanus,ZA,2021-11-04 00:01:58,-34.4187,19.2345,60.91,79,29,10.47
248,Luwuk,ID,2021-11-04 00:01:59,-0.9516,122.7875,84.81,69,95,1.79
249,Port Blair,IN,2021-11-04 00:01:16,11.6667,92.75,80.55,81,50,3.67
250,Kyakhta,RU,2021-11-04 00:01:59,50.3508,106.4494,14.29,45,99,16.31
251,Ugoofaaru,MV,2021-11-04 00:01:59,5.6667,73.0,81.39,79,98,18.12
252,Souillac,MU,2021-11-04 00:02:00,-20.5167,57.5167,73.36,84,6,8.88
253,Diffa,NE,2021-11-04 00:02:00,13.3154,12.6113,82.6,21,5,9.06
254,Majene,ID,2021-11-04 00:02:00,-3.5403,118.9707,81.82,79,95,2.53
255,Jacareacanga,BR,2021-11-04 00:02:01,-6.2222,-57.7528,75.56,95,76,2.3
256,Harindanga,IN,2021-11-04 00:02:02,22.0383,88.3214,73.38,73,27,5.86
257,Sawakin,SD,2021-11-04 00:02:02,19.1059,37.3321,83.3,69,19,10.4
258,Sines,PT,2021-11-04 00:02:03,37.9562,-8.8698,54.28,75,7,1.99
259,Korla,CN,2021-11-04 00:02:04,41.7597,86.1469,42.31,36,83,4.7
260,Atambua,ID,2021-11-04 00:02:04,-9.1061,124.8925,84.13,59,82,2.8
261,Larsnes,NO,2021-11-04 00:02:05,62.2028,5.5773,43.0,90,32,4.43
262,Atar,MR,2021-11-04 00:02:05,20.5169,-13.0499,80.37,16,29,8.05
263,Isangel,VU,2021-11-04 00:02:05,-19.55,169.2667,76.95,68,68,13.24
264,Yulara,AU,2021-11-04 00:02:06,-25.2406,130.9889,76.84,45,100,16.93
265,Alice Springs,AU,2021-11-04 00:02:06,-23.7,133.8833,80.82,41,96,16.33
266,Salekhard,RU,2021-11-04 00:02:06,66.53,66.6019,31.59,88,100,12.21
267,Marawi,PH,2021-11-04 00:02:07,7.9986,124.2928,71.65,82,72,0.49
268,Russell,US,2021-11-04 00:02:07,32.3502,-85.1999,59.95,72,90,0.0
269,Campo Gobierno,MX,2021-11-04 00:02:07,24.6536,-107.5411,86.2,52,0,11.65
270,Itoman,JP,2021-11-04 00:02:08,26.1247,127.6694,73.42,60,20,13.8
271,Kloulklubed,PW,2021-11-04 00:02:08,7.0419,134.2556,86.5,70,83,16.62
272,Dunedin,NZ,2021-11-04 00:00:18,-45.8742,170.5036,56.8,52,1,20.0
273,Hambantota,LK,2021-11-04 00:02:08,6.1241,81.1185,79.25,82,100,10.51
274,Cidreira,BR,2021-11-04 00:02:09,-30.1811,-50.2056,68.22,94,99,18.59
275,Rawson,AR,2021-11-04 00:02:09,-43.3002,-65.1023,66.65,28,64,14.47
276,Cabras,IT,2021-11-04 00:02:24,39.93,8.5314,59.34,76,100,15.28
277,Ambilobe,MG,2021-11-04 00:02:25,-13.2,49.05,72.84,88,10,2.46
278,Yingcheng,CN,2021-11-04 00:02:25,30.95,113.55,63.88,71,99,3.87
279,Celestun,MX,2021-11-04 00:02:26,20.8667,-90.4,78.12,61,100,11.34
280,Sakaiminato,JP,2021-11-04 00:00:38,35.55,133.2333,59.14,75,87,2.98
281,Port Hedland,AU,2021-11-04 00:02:26,-20.3167,118.5667,77.05,65,5,9.22
282,Portland,US,2021-11-04 00:00:11,45.5234,-122.6762,59.0,77,99,1.01
283,Robertsport,LR,2021-11-04 00:02:26,6.7533,-11.3686,79.86,80,13,5.99
284,Trairi,BR,2021-11-03 23:59:37,-3.2778,-39.2689,79.74,82,13,10.11
285,San Cristobal,VE,2021-11-04 00:02:27,7.7669,-72.225,69.12,88,98,1.39
286,Faanui,PF,2021-11-04 00:02:27,-16.4833,-151.75,78.75,76,20,3.2
287,Ponta Delgada,PT,2021-11-04 00:02:28,37.7333,-25.6667,68.5,94,75,16.11
288,Pasighat,IN,2021-11-04 00:02:28,28.0667,95.3333,63.66,53,33,3.69
289,Wawa,NG,2021-11-04 00:02:28,9.9022,4.4192,78.35,48,14,3.06
290,Wichian Buri,TH,2021-11-04 00:02:29,15.6578,101.106,74.66,88,98,2.33
291,Sao Filipe,CV,2021-11-04 00:02:29,14.8961,-24.4956,80.02,71,99,3.85
292,Tangwani,PK,2021-11-04 00:02:29,28.2787,68.9972,69.93,34,5,2.08
293,Prince Rupert,CA,2021-11-04 00:02:30,54.3161,-130.3201,47.19,90,99,2.8
294,Enterprise,US,2021-11-04 00:02:30,36.0252,-115.2419,78.78,27,20,3.44
295,Kemijarvi,FI,2021-11-04 00:02:30,66.7131,27.4306,36.66,95,100,4.12
296,Mount Gambier,AU,2021-11-04 00:02:31,-37.8333,140.7667,61.81,56,9,7.4
297,Teahupoo,PF,2021-11-04 00:02:31,-17.8333,-149.2667,76.96,80,41,15.59
298,Coquimbo,CL,2021-11-03 23:58:36,-29.9533,-71.3436,56.93,82,75,5.75
299,Vondrozo,MG,2021-11-04 00:02:31,-22.8167,47.2833,67.55,99,37,1.23
300,Bethanien,NA,2021-11-04 00:02:32,-26.502,17.1583,64.69,27,0,8.61
301,Synya,RU,2021-11-04 00:02:32,65.3718,58.0387,29.7,90,100,12.86
302,Wageningen,NL,2021-11-04 00:02:32,51.9667,5.6667,45.1,95,90,2.3
303,Narsaq,GL,2021-11-04 00:02:33,60.9167,-46.05,35.82,99,100,4.25
304,Galle,LK,2021-11-04 00:02:33,6.0367,80.217,79.52,82,99,8.68
305,Adre,TD,2021-11-04 00:02:33,13.4667,22.2,80.53,19,95,17.22
306,Thompson,CA,2021-11-04 00:02:34,55.7435,-97.8558,29.1,66,0,4.34
307,Alyangula,AU,2021-11-04 00:02:34,-13.8483,136.4192,88.23,59,17,11.03
308,Ahipara,NZ,2021-11-04 00:02:34,-35.1667,173.1667,62.19,64,86,4.27
309,Soyo,AO,2021-11-04 00:02:35,-6.1349,12.3689,76.78,82,99,6.73
310,Saint-Omer,FR,2021-11-04 00:02:35,50.75,2.1667,47.16,90,96,5.21
311,Oytal,KZ,2021-11-04 00:02:36,42.9057,73.2697,21.87,95,100,6.06
312,Seoul,KR,2021-11-04 00:02:36,37.5683,126.9778,53.04,93,3,3.44
313,Tucurui,BR,2021-11-04 00:02:36,-3.7661,-49.6725,79.29,77,98,2.59
314,Namibe,AO,2021-11-04 00:02:37,-15.1961,12.1522,63.72,86,19,3.33
315,Mogadishu,SO,2021-11-04 00:02:37,2.0371,45.3438,78.31,80,80,13.02
316,Kinwat,IN,2021-11-04 00:02:37,19.6333,78.2,71.42,84,100,3.53
317,Changji,CN,2021-11-04 00:02:38,44.0167,87.3167,20.19,93,90,6.71
318,Mandera,KE,2021-11-04 00:02:38,3.9366,41.867,79.65,66,43,13.22
319,Ancud,CL,2021-11-04 00:01:53,-41.8697,-73.8203,47.43,84,73,16.55
320,Storforshei,NO,2021-11-04 00:02:38,66.4043,14.5233,41.67,97,100,0.87
321,Mabaruma,GY,2021-11-04 00:02:39,8.2,-59.7833,73.87,97,83,3.36
322,Fort Nelson,CA,2021-11-04 00:00:43,58.8053,-122.7002,32.41,57,54,0.85
323,Brae,GB,2021-11-04 00:02:54,60.3964,-1.353,42.71,79,100,27.6
324,Zhangjiakou,CN,2021-11-04 00:02:55,40.81,114.8794,43.45,46,0,0.78
325,Azare,NG,2021-11-04 00:02:55,11.6765,10.1948,80.74,35,12,4.14
326,Baykit,RU,2021-11-04 00:02:55,61.67,96.37,-7.71,98,58,2.48
327,Pechea,RO,2021-11-04 00:02:56,45.6333,27.8,52.21,72,58,6.24
328,El Naranjo,MX,2021-11-04 00:02:56,21.4667,-98.6,73.8,71,100,0.81
329,Baiyin,CN,2021-11-04 00:02:56,36.5583,104.2081,40.93,72,0,2.66
330,Oro Valley,US,2021-11-04 00:02:57,32.3909,-110.9665,81.66,23,1,3.0
331,Alindao,CF,2021-11-04 00:02:57,5.0267,21.2088,69.78,94,95,1.12
332,Chernyshevskiy,RU,2021-11-04 00:02:57,63.0128,112.4714,-3.06,100,94,1.66
333,Katiola,CI,2021-11-04 00:02:58,8.1333,-5.1,74.86,75,45,4.41
334,Sorbhog,IN,2021-11-04 00:02:58,26.5,90.8667,62.42,67,2,4.05
335,Sur,OM,2021-11-04 00:02:58,22.5667,59.5289,74.53,66,25,4.74
336,Port Lincoln,AU,2021-11-04 00:02:59,-34.7333,135.8667,60.87,63,6,9.93
337,Lakes Entrance,AU,2021-11-04 00:02:59,-37.8811,147.981,60.17,90,100,9.62
338,Necochea,AR,2021-11-04 00:03:00,-38.5473,-58.7368,67.03,82,63,14.2
339,Amot,NO,2021-11-04 00:03:00,59.5714,7.9877,32.5,85,29,4.54
340,Pitkyaranta,RU,2021-11-04 00:03:00,61.5734,31.4792,43.25,91,100,14.79
341,Luwingu,ZM,2021-11-04 00:03:01,-10.2621,29.9271,67.95,77,45,3.15
342,Olafsvik,IS,2021-11-04 00:03:01,64.8945,-23.7142,42.69,79,100,20.85
343,Dzaoudzi,YT,2021-11-04 00:03:02,-12.7887,45.2699,78.69,83,20,3.44
344,Acapulco,MX,2021-11-03 23:59:18,16.8634,-99.8901,80.44,84,93,7.7
345,Saskylakh,RU,2021-11-04 00:03:03,71.9167,114.0833,-4.14,89,85,11.7
346,Algiers,DZ,2021-11-03 23:59:26,36.7525,3.042,57.02,82,75,5.75
347,Burnie,AU,2021-11-04 00:03:04,-41.0667,145.9167,63.18,60,9,3.56
348,Smithers,CA,2021-11-03 23:58:36,54.7804,-127.1743,46.72,76,40,2.3
349,Qaqortoq,GL,2021-11-04 00:03:04,60.7167,-46.0333,36.1,97,100,6.06
350,Mount Isa,AU,2021-11-04 00:03:05,-20.7333,139.5,89.37,43,4,10.36
351,Husavik,IS,2021-11-04 00:03:05,66.0449,-17.3389,37.53,83,58,13.35
352,Poum,NC,2021-11-04 00:03:05,-20.2333,164.0167,73.29,70,19,8.93
353,Bethel,US,2021-11-04 00:03:06,41.3712,-73.414,45.48,72,1,3.44
354,Pangnirtung,CA,2021-11-04 00:03:06,66.1451,-65.7125,13.35,81,96,6.46
355,Miraflores,MX,2021-11-04 00:03:06,19.2167,-98.8083,70.03,55,62,1.68
356,Wuda,CN,2021-11-04 00:03:07,39.4994,106.7117,42.84,44,0,6.85
357,Gomel,BY,2021-11-04 00:03:07,52.4345,30.9754,40.86,90,8,7.23
358,Padang,ID,2021-11-04 00:03:07,-0.9492,100.3543,73.45,86,100,1.74
359,Strezhevoy,RU,2021-11-04 00:03:08,60.7333,77.5889,12.18,80,100,12.33
360,Maceio,BR,2021-11-04 00:00:17,-9.6658,-35.7353,79.27,83,74,15.9
361,Zhezkazgan,KZ,2021-11-04 00:03:08,47.8043,67.7144,13.42,67,3,13.85
362,Aksarka,RU,2021-11-04 00:03:09,66.5606,67.7975,29.55,89,89,14.14
363,Codrington,AU,2021-11-04 00:03:09,-38.2667,141.9667,59.76,70,9,10.33
364,Bereda,ES,2021-11-04 00:03:09,43.2686,-7.5406,46.42,100,100,1.7
365,Charters Towers,AU,2021-11-04 00:03:10,-20.1,146.2667,83.1,33,0,12.93
366,San Patricio,US,2021-11-04 00:03:10,28.017,-97.5169,80.69,81,100,15.99
367,Vaitape,PF,2021-11-04 00:03:25,-16.5167,-151.75,78.78,77,21,3.58
368,Anloga,GH,2021-11-04 00:03:26,5.7947,0.8973,80.47,79,31,10.56
369,Temir,KZ,2021-11-04 00:03:26,49.1414,57.13,23.7,37,0,13.94
370,Villa Guerrero,MX,2021-11-04 00:03:26,18.8667,-99.65,69.42,86,84,1.43
371,Aljezur,PT,2021-11-04 00:03:27,37.3191,-8.8033,54.28,76,7,7.0
372,Rio Claro,BR,2021-11-04 00:03:27,-22.4114,-47.5614,66.79,65,17,6.24
373,Mandalgovi,MN,2021-11-04 00:03:28,45.7625,106.2708,34.3,47,55,6.76
374,Kieta,PG,2021-11-04 00:03:28,-6.2167,155.6333,83.41,75,100,3.76
375,Eureka,US,2021-11-04 00:03:28,40.8021,-124.1637,72.36,66,99,8.01
376,Mackay,AU,2021-11-04 00:00:07,-21.15,149.2,78.67,63,15,16.26
377,Stornoway,GB,2021-11-04 00:03:29,58.2093,-6.3865,43.93,87,90,14.97
378,Namie,JP,2021-11-04 00:03:29,37.4833,141.0,61.97,56,0,8.57
379,Liwale,TZ,2021-11-04 00:03:29,-9.7667,37.9333,71.47,87,41,5.26
380,Iqaluit,CA,2021-11-04 00:03:30,63.7506,-68.5145,15.53,78,90,3.0
381,Eusebio,BR,2021-11-04 00:03:30,-3.89,-38.4506,80.94,81,8,9.26
382,Ekhabi,RU,2021-11-04 00:03:30,53.5102,142.9671,35.29,85,32,13.4
383,Zhigansk,RU,2021-11-04 00:03:31,66.7697,123.3711,-7.08,98,100,11.18
384,Norrtalje,SE,2021-11-04 00:03:31,59.758,18.705,47.01,94,100,6.53
385,Flinders,AU,2021-11-04 00:03:31,-34.5833,150.8552,69.19,77,100,1.01
386,Lasa,IT,2021-11-04 00:03:32,46.6166,10.7002,39.94,98,100,5.19
387,Vargashi,RU,2021-11-04 00:03:32,55.3556,65.8467,18.12,67,84,12.71
388,Khagaul,IN,2021-11-04 00:03:32,25.5833,85.05,60.75,82,11,0.0
389,Talnakh,RU,2021-11-04 00:03:33,69.4865,88.3972,4.82,96,100,14.85
390,Sayat,TM,2021-11-04 00:03:33,38.7839,63.8803,52.86,42,99,14.32
391,Salta,AR,2021-11-04 00:00:29,-24.7859,-65.4117,71.58,66,28,1.99
392,Nuuk,GL,2021-11-04 00:03:35,64.1835,-51.7216,32.88,98,100,23.0
393,Port Hardy,CA,2021-11-04 00:00:44,50.6996,-127.4199,50.32,93,100,21.32
394,Pisco,PE,2021-11-04 00:03:35,-13.7,-76.2167,64.45,82,0,16.11
395,Turukhansk,RU,2021-11-04 00:03:36,65.8167,87.9833,7.18,94,100,17.65
396,Hobyo,SO,2021-11-04 00:03:36,5.3505,48.5268,79.47,76,69,5.3
397,Waipawa,NZ,2021-11-04 00:03:36,-41.4122,175.5153,52.03,76,100,13.96
398,Progreso,MX,2021-11-04 00:03:37,21.2833,-89.6667,80.11,62,100,11.14
399,Isla Mujeres,MX,2021-11-04 00:03:37,21.2311,-86.731,80.17,69,100,10.07
400,Rundu,NA,2021-11-04 00:03:37,-17.9333,19.7667,77.61,24,78,2.48
401,Ambon,ID,2021-11-04 00:03:38,-3.6954,128.1814,83.73,73,71,5.35
402,Cururupu,BR,2021-11-04 00:03:38,-1.8283,-44.8683,75.7,90,73,3.38
403,Kuvshinovo,RU,2021-11-04 00:03:38,57.0295,34.1725,45.03,95,100,6.85
404,Aasiaat,GL,2021-11-04 00:03:39,68.7098,-52.8699,27.5,91,99,0.78
405,Urengoy,RU,2021-11-04 00:03:39,65.9667,78.3667,20.64,95,100,12.39
406,Sosnovo,RU,2021-11-04 00:03:39,60.5514,30.2144,46.44,92,100,8.05
407,Harper,LR,2021-11-04 00:03:40,4.375,-7.7169,77.83,85,84,6.71
408,Ngunguru,NZ,2021-11-04 00:03:40,-35.6167,174.5,64.17,74,94,10.33
409,Richards Bay,ZA,2021-11-04 00:03:40,-28.783,32.0377,62.49,86,1,4.18
410,Chifeng,CN,2021-11-04 00:03:40,42.2683,118.9636,42.3,59,0,5.03
411,Dikson,RU,2021-11-04 00:03:41,73.5069,80.5464,19.31,89,85,12.21
412,Broome,US,2021-11-04 00:03:41,42.2506,-75.833,37.78,72,1,1.99
413,Parapotamos,GR,2021-11-04 00:03:41,39.5492,20.3228,64.85,76,2,5.93
414,Puerto Del Rosario,ES,2021-11-04 00:03:42,28.5004,-13.8627,71.28,78,45,5.75
415,Pouebo,NC,2021-11-04 00:03:42,-20.4,164.5667,77.23,58,16,8.59
416,Amudat,UG,2021-11-04 00:03:58,1.95,34.95,69.42,62,100,3.22
417,Buraydah,SA,2021-11-04 00:03:58,26.326,43.975,70.29,25,0,4.18
418,Tukrah,LY,2021-11-04 00:03:58,32.5341,20.5791,75.18,45,0,8.75
419,Marsh Harbour,BS,2021-11-04 00:03:59,26.5412,-77.0636,77.88,64,8,10.69
420,Bratsk,RU,2021-11-04 00:03:59,56.1325,101.6142,-1.71,80,100,15.14
421,Mustang,US,2021-11-04 00:03:59,35.3842,-97.7245,47.95,86,90,6.91
422,Chapais,CA,2021-11-04 00:04:00,49.7834,-74.8492,26.38,92,100,8.08
423,Alfred,US,2021-11-04 00:04:00,42.2542,-77.7906,35.04,79,55,5.01
424,Hovd,MN,2021-11-04 00:04:00,48.0056,91.6419,9.66,31,100,6.64
425,Nishihara,JP,2021-11-04 00:04:01,26.1842,127.7558,73.06,60,20,13.8
426,Broken Hill,AU,2021-11-04 00:04:02,-31.95,141.4333,70.07,55,0,20.27
427,Owensboro,US,2021-11-04 00:00:01,37.7742,-87.1133,42.03,53,54,5.59
428,Karratha,AU,2021-11-04 00:04:03,-20.7377,116.8463,77.54,47,10,6.85
429,Vao,NC,2021-11-04 00:04:03,-22.6667,167.4833,69.35,68,12,10.76
430,Yaan,NG,2021-11-04 00:04:03,7.3833,8.5667,79.57,67,95,4.94
431,Ushtobe,KZ,2021-11-04 00:04:04,45.2514,77.9838,8.55,72,2,11.9
432,Cap Malheureux,MU,2021-11-04 00:04:04,-19.9842,57.6142,73.47,76,3,5.01
433,Chicama,PE,2021-11-04 00:04:04,-7.8447,-79.1469,61.34,78,66,6.42
434,Umm Lajj,SA,2021-11-04 00:04:05,25.0213,37.2685,79.66,61,0,10.2
435,Chake Chake,TZ,2021-11-04 00:04:05,-5.2459,39.7666,75.85,87,5,5.48
436,Neiafu,TO,2021-11-04 00:04:06,-18.65,-173.9833,84.88,74,40,12.66
437,Salinopolis,BR,2021-11-04 00:04:06,-0.6136,-47.3561,80.29,81,40,9.73
438,Umm Kaddadah,SD,2021-11-04 00:04:06,13.6017,26.6876,82.45,23,4,18.45
439,Merauke,ID,2021-11-04 00:01:10,-8.4667,140.3333,85.95,63,15,11.3
440,Anaconda,US,2021-11-04 00:04:07,46.1285,-112.9423,52.79,57,49,5.26
441,Egvekinot,RU,2021-11-04 00:04:07,66.3167,-179.1667,1.31,80,100,10.38
442,Susehri,TR,2021-11-04 00:04:07,40.1644,38.0867,49.41,84,39,1.77
443,Lata,PT,2021-11-04 00:04:08,40.1629,-8.3327,52.81,91,26,0.92
444,Bowen,AU,2021-11-04 00:03:55,-20.0167,148.2333,80.49,56,0,17.25
445,Gondanglegi,ID,2021-11-04 00:04:08,-7.7479,112.0132,82.22,74,96,4.85
446,Ilulissat,GL,2021-11-04 00:04:09,69.2167,-51.1,25.61,81,67,7.9
447,Gasa,PS,2021-11-04 00:00:25,31.5,34.4667,67.91,75,0,7.63
448,Christchurch,NZ,2021-11-04 00:00:31,-43.5333,172.6333,58.32,54,75,5.99
449,Esperance,AU,2021-11-03 23:59:19,-33.8667,121.9,62.44,46,55,8.75
450,Ambajogai,IN,2021-11-04 00:04:09,18.7333,76.3833,69.3,87,94,4.99
451,Cockburn Town,TC,2021-11-04 00:04:10,21.4612,-71.1419,81.97,73,8,16.64
452,Blythe,US,2021-11-04 00:04:10,33.6103,-114.5964,84.2,18,0,2.98
453,Sao Joao Da Barra,BR,2021-11-04 00:04:11,-21.6403,-41.0511,71.33,90,48,15.17
454,Empalme,MX,2021-11-04 00:04:11,27.9667,-110.8167,88.92,51,1,9.22
455,Jackson,US,2021-11-04 00:02:31,42.4165,-122.8345,71.15,53,75,3.44
456,Taoudenni,ML,2021-11-04 00:04:11,22.6783,-3.9836,84.15,20,1,7.09
457,Figeac,FR,2021-11-04 00:04:12,44.75,1.9167,42.55,98,78,2.28
458,Tandil,AR,2021-11-04 00:00:02,-37.3217,-59.1332,58.5,94,50,7.25
459,Great Yarmouth,GB,2021-11-04 00:04:12,52.6083,1.7305,47.95,76,100,22.84
460,Kihei,US,2021-11-04 00:04:12,20.785,-156.4656,86.02,72,40,23.02
461,Evensk,RU,2021-11-04 00:04:28,61.95,159.2333,9.28,88,88,3.78
462,Tagusao,PH,2021-11-04 00:04:28,9.1924,117.8141,81.21,81,100,2.13
463,Camacari,BR,2021-11-04 00:04:28,-12.6975,-38.3242,76.26,89,100,6.22
464,Bathsheba,BB,2021-11-04 00:04:29,13.2167,-59.5167,81.21,74,40,9.22
465,Bud,US,2021-11-04 00:04:29,39.447,-86.1758,42.22,73,94,1.7
466,Falam,MM,2021-11-04 00:04:29,22.9167,93.6833,55.58,96,82,2.55
467,Tres Lagoas,BR,2021-11-04 00:01:16,-20.7511,-51.6783,76.98,57,54,3.53
468,Southbridge,US,2021-11-04 00:04:30,42.0751,-72.0334,41.38,76,7,4.0
469,Cehegin,ES,2021-11-04 00:04:30,38.0924,-1.7985,53.28,59,7,6.38
470,Aleksandrov Gay,RU,2021-11-04 00:04:31,50.147,48.5704,38.84,34,100,16.11
471,Luanda,AO,2021-11-04 00:00:18,-8.8368,13.2343,75.29,77,69,6.13
472,Tilbury,GB,2021-11-04 00:00:47,51.4625,0.3586,47.05,90,97,14.14
473,Vostok,RU,2021-11-04 00:04:31,46.4856,135.8833,37.87,61,92,2.24
474,Rafaela,AR,2021-11-04 00:04:32,-31.2503,-61.4867,74.05,63,0,1.99
475,Itarema,BR,2021-11-04 00:04:32,-2.9248,-39.9167,79.81,81,4,12.24
476,Takehara,JP,2021-11-04 00:04:32,34.3383,132.9167,63.37,73,71,3.22
477,Calbuco,CL,2021-11-04 00:04:33,-41.768,-73.1273,47.41,86,92,14.83
478,Santa Barbara,US,2021-11-04 00:00:04,34.7333,-120.0343,73.35,58,1,13.8
479,Mayo,US,2021-11-04 00:04:33,38.8876,-76.5119,48.94,75,1,5.75
480,Vanino,RU,2021-11-04 00:04:33,49.0869,140.2543,39.36,72,74,2.17
481,Kyaukse,MM,2021-11-04 00:04:34,21.6,96.1333,73.4,87,80,2.39
482,Bandarbeyla,SO,2021-11-04 00:04:34,9.4942,50.8122,75.49,72,59,8.19
483,Ende,ID,2021-11-04 00:04:35,-8.8432,121.6623,85.69,68,55,3.4
484,Taraza,CO,2021-11-04 00:04:35,7.5836,-75.4007,74.86,93,95,2.35
485,Talara,PE,2021-11-04 00:04:35,-4.5772,-81.2719,63.7,87,30,12.8
486,Cusco,PE,2021-11-04 00:02:04,-13.5183,-71.9781,59.23,41,40,9.22
487,Nanortalik,GL,2021-11-04 00:03:11,60.1432,-45.2371,38.16,88,100,5.68
488,Kiama,AU,2021-11-04 00:04:36,-34.6833,150.8667,69.39,76,99,5.7
489,Viedma,AR,2021-11-04 00:04:36,-40.8135,-62.9967,65.39,80,91,6.55
490,Ati,TD,2021-11-04 00:04:37,13.2154,18.3353,85.6,16,12,11.86
491,Nanyang,CN,2021-11-04 00:00:18,32.9947,112.5328,62.29,76,93,3.36
492,Ashland,US,2021-11-04 00:02:15,40.8167,-82.2665,39.34,73,77,4.79
493,Kholtoson,RU,2021-11-04 00:04:37,50.2981,103.3097,7.56,62,100,7.78
494,Ullapool,GB,2021-11-04 00:04:37,57.8987,-5.1604,42.35,85,99,8.77
495,Marienburg,PL,2021-11-04 00:04:38,54.0359,19.0266,45.95,89,54,6.71
496,Provideniya,RU,2021-11-04 00:04:38,64.3833,-173.3,13.89,83,88,12.5
497,Bardiyah,LY,2021-11-04 00:04:38,31.7561,25.0865,72.84,54,0,6.31
498,Biak,ID,2021-11-04 00:04:39,-0.9131,122.8766,82.33,70,97,1.52
499,Miranda,CO,2021-11-04 00:00:44,3.2499,-76.2281,67.15,88,76,2.42
500,Tikapur,NP,2021-11-04 00:04:39,28.5,81.1333,60.98,71,0,4.32
501,Limoeiro De Anadia,BR,2021-11-04 00:04:40,-9.7406,-36.5028,76.95,83,98,15.64
502,Abeche,TD,2021-11-04 00:04:40,13.8292,20.8324,83.57,19,45,10.38
503,Destin,US,2021-11-03 23:59:45,30.3935,-86.4958,68.97,73,73,9.89
504,Verkhnevilyuysk,RU,2021-11-04 00:04:40,63.4453,120.3167,5.45,94,98,7.31
505,Riacho De Santana,BR,2021-11-04 00:04:41,-13.6092,-42.9389,76.57,64,94,2.3
506,Belaya Gora,RU,2021-11-04 00:04:41,68.5333,146.4167,-10.07,100,92,2.95
507,Coruripe,BR,2021-11-04 00:04:56,-10.1256,-36.1756,78.87,84,91,19.46
508,Montrose,US,2021-11-04 00:04:57,38.4166,-108.2673,45.81,54,42,4.21
509,San Carlos De Bariloche,AR,2021-11-04 00:04:57,-41.1456,-71.3082,38.95,75,75,13.8
510,Dodola,ET,2021-11-04 00:00:18,6.9833,39.1833,46.08,66,2,2.37
511,Baruun-Urt,MN,2021-11-04 00:04:57,46.6806,113.2792,30.29,65,4,8.59
512,Abu Samrah,SY,2021-11-04 00:04:58,35.3029,37.1841,59.95,71,0,5.35
513,Rhyl,GB,2021-11-04 00:04:58,53.3196,-3.4886,47.03,84,65,9.26
514,Nerchinskiy Zavod,RU,2021-11-04 00:04:59,51.3088,119.61,28.02,82,99,1.72
515,Selfoss,IS,2021-11-04 00:04:59,63.9331,-20.9971,41.49,89,93,8.9
516,Bairiki,KI,2021-11-04 00:04:59,1.3292,172.9752,82.4,73,95,17.2
517,Penha,BR,2021-11-04 00:05:00,-26.7694,-48.6458,72.55,93,42,5.86
518,Sao Gabriel Da Cachoeira,BR,2021-11-04 00:05:00,-0.1303,-67.0892,74.91,96,96,1.14
519,Pital,CO,2021-11-04 00:05:00,2.2665,-75.8044,69.8,92,75,2.19
520,Nicolas Bravo,MX,2021-11-04 00:05:01,18.45,-88.9167,73.15,68,95,2.82
521,Huron,US,2021-11-04 00:05:01,41.1501,-82.5499,40.32,80,81,3.62
522,Kharitonovo,RU,2021-11-04 00:05:02,61.4009,47.4978,35.01,90,77,7.96
523,Joao Pessoa,BR,2021-11-04 00:00:04,-7.115,-34.8631,78.66,78,18,13.24
524,Wladyslawowo,PL,2021-11-04 00:05:03,54.7909,18.4009,40.78,79,74,4.52
525,Truckee,US,2021-11-04 00:05:04,39.328,-120.1833,66.06,64,1,8.05
526,Matagami,CA,2021-11-04 00:02:33,49.7502,-77.6328,26.82,89,100,3.85
527,Salamanca,ES,2021-11-04 00:05:05,40.8333,-6.0,37.99,90,7,4.23
528,Kizukuri,JP,2021-11-04 00:05:05,40.8061,140.3861,59.11,74,100,8.32
529,Le Vauclin,MQ,2021-11-04 00:05:06,14.5452,-60.8388,75.25,88,0,2.3
530,Tecpan,GT,2021-11-04 00:05:07,14.7623,-90.9947,59.76,98,100,4.03
531,Batticaloa,LK,2021-11-04 00:05:08,7.7102,81.6924,76.14,89,90,5.19
532,Peniche,PT,2021-11-04 00:05:08,39.3558,-9.3811,55.72,86,29,14.88
533,Kasane,BW,2021-11-04 00:05:09,-17.8167,25.15,78.55,43,97,4.43
534,Huaihua,CN,2021-11-04 00:05:09,27.5494,109.9592,58.78,98,100,2.64
535,Norco,US,2021-11-04 00:05:10,33.9311,-117.5487,89.53,43,1,8.01
536,Marzuq,YE,2021-11-04 00:05:10,14.4,46.4667,67.59,27,2,2.84
537,Mao,ES,2021-11-04 00:05:10,39.8885,4.2658,54.16,87,75,2.3
538,Konya,TR,2021-11-04 00:05:11,38.1667,32.5,45.88,77,34,3.98
539,La Ronge,CA,2021-11-04 00:00:46,55.1001,-105.2842,36.0,53,9,4.21
540,Chara,RU,2021-11-04 00:05:11,56.9064,118.2631,21.85,78,100,2.8
541,Pervomayskiy,RU,2021-11-04 00:05:12,53.2485,40.2871,40.14,88,100,15.7
542,Santa Cruz Del Sur,CU,2021-11-04 00:05:12,20.7147,-77.9956,80.26,69,51,14.72
543,Emba,KZ,2021-11-04 00:05:12,48.8264,58.1442,23.85,38,0,13.85
544,Santiago,CL,2021-11-04 00:02:04,-33.4569,-70.6483,63.86,55,99,6.51
545,Fortuna,US,2021-11-04 00:05:13,40.5982,-124.1573,72.09,67,75,5.99
546,Kyren,RU,2021-11-04 00:05:13,51.6828,102.1408,6.33,84,100,4.7
547,Krasnoselkup,RU,2021-11-04 00:05:13,65.7,82.4667,17.83,94,100,16.71
548,Vrangel,RU,2021-11-04 00:05:14,42.7297,133.0839,47.1,89,100,10.51
549,Pyay,MM,2021-11-04 00:05:14,18.8167,95.2167,73.78,93,47,0.36
550,Aklavik,CA,2021-11-04 00:05:15,68.2191,-135.0107,11.3,96,49,2.82
551,Lazaro Cardenas,MX,2021-11-04 00:05:15,17.9583,-102.2,80.33,81,86,5.3
552,Gracac,HR,2021-11-04 00:05:15,44.3006,15.8547,60.39,97,100,20.71
553,Tabuk,PH,2021-11-04 00:05:31,17.4189,121.4443,75.6,84,48,0.98
554,Vila Velha,BR,2021-11-04 00:03:59,-20.3297,-40.2925,75.15,83,20,6.91
555,Galveston,US,2021-11-04 00:05:31,29.3669,-94.9669,63.95,93,100,3.0
556,Payo,ID,2021-11-04 00:05:31,-3.7508,103.6372,74.71,93,95,0.96
557,Akdepe,TM,2021-11-04 00:05:32,42.0551,59.3788,32.0,18,100,21.99
558,Bucerias,MX,2021-11-04 00:01:48,20.75,-105.3333,83.98,83,100,3.04
559,Saint-Leu,RE,2021-11-04 00:05:32,-21.15,55.2833,68.86,75,3,3.29
560,Talaya,RU,2021-11-04 00:05:32,61.3833,152.75,6.69,93,46,1.99
561,Tamandare,BR,2021-11-04 00:05:33,-8.7597,-35.1047,78.89,80,18,13.33
562,Hamilton,US,2021-11-04 00:01:28,39.1834,-84.5333,42.98,69,80,2.42
563,Sinnamary,GF,2021-11-04 00:05:33,5.3833,-52.95,79.47,78,97,10.36
564,Khingansk,RU,2021-11-04 00:05:33,49.1167,131.1833,31.37,81,72,3.29
565,Nuevitas,CU,2021-11-04 00:05:34,21.5453,-77.2644,76.44,76,35,7.38
566,Alekseyevka,RU,2021-11-04 00:05:34,50.6309,38.6903,49.71,91,100,9.95
567,Derzhavinsk,KZ,2021-11-04 00:05:34,51.1,66.3167,15.91,81,4,3.78
